id;first_name;last_name;gender;email;phone;address_line_1;address_line_2;city;country;user_id
1;Alfredo;Gleason;FEMALE;BYYIRX7$t;n;=Ssr81G.[cF?I/$H1[#]zYA_n\"kTkR?zIf'r<Q%K=KV?d?8Uh*{9o/Ym1}r@D#>Iz,J~~jjs[&9<GCh9$TBJW$qJmV99xZNDf#dO-29A>5:ZP*:s,?j4uvD5{.Jt.LP&NXeUX8NegQP5/%O[Cc$.MC/s-e/FG!Wgot0FY\,X~n=W_6Y`jH],:wlJ-$bvfmhS+y/s]*q#JQ('5}4Un<3KZ>ZEJ3=gYx;(154) 495-2560 x7322;cross-platform Point Orchestrator;Solomon Islands Licensed;Corwinborough;Lithuania;1
2;Maurice;Bauch;MALE;p+ne{8x*GM~!q](P.of&f$_.vcZ8wjR1{KQj{Bfnl#hFMF4`PE)+6Lx`{Dk95\~F|#n,ZX@r#ksX:UhaB9\}$D[nU|#r'jf3K#:}b"l|,;s32MhE4KHgm-iIVWI{#M~0c-7&Y}RHF=U*.[6jqO{i6b8^\-]Upsm2-fK$P8EYP[qf8ZT94D}TR3F7#Om#=ZICiAQHa*a;T;(196) 335-9816;bandwidth azure;SMS Enhanced;Chanelfort;Wallis and Futuna;2
3;Jose;Lehner;OTHER;=faPL`^:%TZiw5(4ow4<%M5LJ8`-+PYZP+GDG@dyH=d,uV*PS|q81F[o3ivWdm;=7djL-cA)S_M.cADgUmK_q\`Q,rH0u,+RxZ,"5)??jsx_qn\Bm5[I.N(Bh|lqnPI`;(613) 237-7888 x84786;Unbranded Cheese Dynamic;Alabama transform;Ondrickashire;Albania;1
4;Carolina;Gutmann;FEMALE;8HeO\&V,$vf5|5%XRK}XL\/vo<%x{Gw>`$$.ni554(Q\NtxW"{/6m;(UUX?|T`){EI$U]Uaqms3PBv5hMTYe4>oE-v@==yf[6AgO8.3Cmi.m6R_O|Y==%%[`N$0c0X;(317) 367-8763 x550;turn-key dedicated;Wisconsin;Huelport;Togo;2
5;London;Kemmer;OTHER;flf9~cz*A9a;DK.Vs&viU$B,Awvt3l/`*m[WfjDz-P6O&Y*%BTh3e"zD0A'8g`.OMiOzSKh'Ps4Ybw0eo@}sQ/2pFl:nUp8kz;2-_D|p|IB8=j!6]"gOt.oB/U!\/q.jn-yk}'}J<\7zoOmC?obA(/[O]+%J%/i:9_<8>]M^$;076.019.9492 x983;Automotive Tactics architectures;Wisconsin Facilitator Incredible;West Claud;Svalbard & Jan Mayen Islands;1
6;Emile;Kuhic;FEMALE;_`w<nCYU#oB@Kt[^~N!!qbg^F}PymJNgu][y2XaiG;\*1Hy-Gp%<v-f.T>kLZ'h`NT5<}8x1T\Q%iyDUmQXZQ<M$:!M_E6w&T8>.U1QG2yFGJ;(026) 693-1252;portal calculating Metal;real-time discrete redundant;Gaylordhaven;Namibia;2
7;Arnaldo;Langosh;FEMALE;-V?p!rL)ki*f\8[tm"vK5N>nhre~zwt|=o(BQ*:%0,iO9GLn*w__oNf`-zKM8b?y0c+MF{{]y7>|3g=0'u4Iw<@s;$nYs}xubqyW|o.8COI1R"Y|vO=EX]sQ4QpQ*V=ESG0\~y'o<ln8_+lFEuW;708.830.3504;Argentine Peso implementation;Wallis and Futuna;Lake Lance;Sweden;1
8;Demarco;Bashirian;FEMALE;/R|1?{_8Rq%7Tyq^Q}F&6FCG/?0_z+nu+WCq'W+&OY3}uj&jg!oFKc_xK.m-tECmaqay;K7S)Co\'G`*z8IEPxf_oedoJa$Z@av.3XO0h)<.ml58Lf_z8C/RiLslhG&oZ+a+~3#xn2w;Z{5JK#(B).D7^DpY!tP;",dVxlAWHBfqwH2v$]qCBD%+O;eA.`xr!&U%t3s'KSV0lAl(.;722-964-0801 x54566;panel;Analyst card Licensed Cotton Ball;South Natalie;Belarus;1
9;Alda;Denesik;FEMALE;?brE{~Bsnx~Qe=ten<yhXkQ*A_}tx@{:3RDSpCTGHo:kC103ID<"`$xL$]#J'3E+.Zn',#`Iv6$^kWr+(sp{},bXA]L=4;(250) 716-9269;alarm Jamaica;system Gorgeous Rubber Pants;Lake Blanchetown;Grenada;1
10;Audreanne;Bayer;OTHER;`%4dCwhyvF5hKGCHv~HLt=wUr/C){M=}nn:=:>))EjJ%k3^(!i#0ORr"Xdshu&4$-<5\g@Cj$XVO"bt0H3kJ_EPc)T`JFJ3H=o.?[#(>oLDh3%ijt3_9DDrBaGQX`D:C<P%}vT\8:BamaBe]ZBDk_ccO?Y4*'+B;?dHNl;484.314.4630 x6968;explicit;Personal Loan Account;Jevonhaven;Maldives;2
